{"val_accuracy":62.46056782334385,"_timestamp":1.7300299320961404e+09,"_runtime":5996.741649264,"_step":24,"train_loss":0.0039629907805647235,"_wandb":{"runtime":5996},"val_loss":1.7751163393259048}